2021-02-05,17:23:21,ButlerBorrowController,file,3
2021-02-05,16:52:13,ButlerBorrowController,1,1
2021-02-05,16:39:28,ButlerBorrowController,file,1
2021-02-05,16:27:38,ButlerBorrowController,359,12
2021-02-05,15:08:43,ButlerBorrowController,21,13
2021-02-05,14:44:14,ButlerBorrowController,480,1
2021-02-05,11:42:59,ButlerActivityController,54,3
2021-02-05,09:59:15,ButlerActivityController,files,390
2021-02-04,17:57:07,commit,files,45
2021-02-04,17:34:30,commit,8,9
2021-02-04,17:27:15,commit,44,2
2021-02-04,17:14:40,commit,files,84
2021-02-04,16:53:58,commit,320,9
2021-02-04,16:03:46,commit,files,565
2021-02-04,14:18:35,commit,20,20
2021-02-04,13:39:48,commit,7,4
2021-02-04,11:49:26,commit,2,2
2021-02-04,11:46:38,commit,1,21
2021-02-04,11:45:00,commit,4,2
2021-02-04,10:38:25,commit,275,22
2021-02-03,18:06:25,commit,196,3
2021-02-03,17:57:57,commit,files,283
2021-02-03,16:38:27,commit,files,92
2021-02-03,15:51:21,commit,files,263
2021-02-03,15:06:03,commit,files,127
2021-02-03,14:09:58,commit,187,7
2021-02-03,12:01:01,commit,105,8
2021-02-03,11:03:06,commit,178,4
2021-02-03,10:38:14,commit,100,5
2021-02-03,09:55:36,commit,52,7
2021-02-02,18:13:53,commit,472,1
2021-02-02,15:53:16,commit,files,416
2021-02-02,12:05:45,commit,files,32
2021-02-02,11:12:12,commit,files,312
2021-02-02,09:33:27,commit,1,1
2021-02-01,17:52:01,commit,624,6
2021-02-01,16:30:02,commit,39,3
2021-02-01,16:07:20,commit,file,1
2021-02-01,16:07:11,commit,6,11
2021-02-01,16:02:55,commit,1,1
2021-02-01,15:56:07,commit,98,7
2021-02-01,14:58:15,commit,790,1
2021-02-01,11:21:20,commit,2,2
2021-02-01,10:28:45,commit,18,9
2021-02-01,08:52:28,commit,8,5
